행정구,동,구분,업체명
종로구,충신동,운송 ,486펫콜 서울종로점
종로구,평창동,운송 ,맨즈펫
중구,신당동,운송 ,엔젤
용산구,원효로3가,운송 ,pet38라0821
용산구,효창동,운송 ,pet372다8146
용산구,갈월동,운송 ,Pet05도5365
용산구,보광동,운송 ,pet39소4119
용산구,청파동3가,운송 ,pet175마7334
용산구,보광동,운송 ,조은주펫택시
용산구,한강로2가,운송 ,이예슬펫택시
용산구,보광동,운송 ,타다펫
성동구,금호동2가,운송 ,pet248누5825
성동구,성수동1가,운송 ,pet141로1867
성동구,행당동,운송 ,pet198무6416
성동구,성수동2가,운송 ,pet236부1015
성동구,성수동1가,운송 ,pet15부2490
성동구,하왕십리동,운송 ,pet17버5967
성동구,마장동,운송 ,pet08보7644
성동구,옥수동,운송 ,펫스월드
성동구,성수동1가,운송 ,나인페츠
성동구,금호동2가,운송 ,pet181우7809
성동구,송정동,운송 ,pet372도5584
성동구,성수동2가,운송 ,(주)하율투어 펫피스 드라이버
성동구,성수동1가,운송 ,정민영 펫택시
성동구,금호동2가,운송 ,이재원
광진구,구의동,운송 ,pet66서4891
광진구,구의동,운송 ,pet155구2222
광진구,구의동,운송 ,pet15라1786
광진구,중곡동,운송 ,포포 데이케어
광진구,자양동,운송 ,도그니엘
광진구,구의동,운송 ,pet50도4805
광진구,광장동,운송 ,pet240러6028
광진구,자양동,운송 ,pet171서1016
광진구,구의동,운송 ,랑크베
광진구,자양동,운송 ,pet148고8191
광진구,능동,운송 ,pet202다7471
광진구,중곡동,운송 ,pet79구4934
광진구,중곡동,운송 ,pet25소6621
광진구,화양동,운송 ,pet308도8799
광진구,중곡동,운송 ,pet63마5476
광진구,자양동,운송 ,pet169소2689
광진구,화양동,운송 ,펫뜨락
광진구,중곡동,운송 ,디어독
동대문구,휘경동,운송 ,pet 31누6352
동대문구,전농동,운송 ,pet 104버3760
동대문구,회기동,운송 ,pet 82모1481
동대문구,용두동,운송 ,pet 292노 9145
동대문구,전농동,운송 ,pet 13오 7353
동대문구,답십리동,운송 ,pet 231보 1158
동대문구,휘경동,운송 ,pet 62노 5283
동대문구,장안동,운송 ,pet67마 7239
동대문구,답십리동,운송 ,멍이요 58도 5164
동대문구,장안동,운송 ,멍이요 301가 1672
동대문구,장안동,운송 ,pet 42구 6951
동대문구,제기동,운송 ,pet 저 3258
동대문구,장안동,운송 ,주식회사 한국화물연합
동대문구,장안동,운송 ,PET me up(최윤희)
중랑구,망우동,운송 ,pet 149소7430
중랑구,면목동,운송 ,멍도레
중랑구,묵동,운송 ,pet145고9618
중랑구,묵동,운송 ,pet133주5105
중랑구,망우동,운송 ,pet310마6522
중랑구,중화동,운송 ,pet196무3869
중랑구,면목동,운송 ,pet377로9196
중랑구,면목동,운송 ,pet120러2936
중랑구,면목동,운송 ,pet21라0908
중랑구,면목동,운송 ,pet32소2485
중랑구,신내동,운송 ,pet298부8307
중랑구,면목동,운송 ,묘릉도원
중랑구,묵동,운송 ,pet184러9325
중랑구,망우동,운송 ,펫택시
중랑구,망우동,운송 ,펫메이트
성북구,길음동,운송 ,pet 386도 8710
성북구,장위동,운송 ,pet 17머 1016
성북구,돈암동,운송 ,pet 231부 1891
성북구,정릉동,운송 ,pet315루 5031
성북구,하월곡동,운송 ,pet 705어 1058
성북구,종암동,운송 ,pet 07우2803
성북구,정릉동,운송 ,pet86보0111
성북구,동선동5가,운송 ,pet30누6713
성북구,하월곡동,운송 ,pet195어 2434
성북구,길음동,운송 ,pet280모9570
성북구,석관동,운송 ,pet01조6343
성북구,돈암동,운송 ,pet13라2543
성북구,길음동,운송 ,송재욱
성북구,종암동,운송 ,pet53너5866
성북구,정릉동,운송 ,윤독
성북구,돈암동,운송 ,김지용펫택시
강북구,번동,운송 ,pet55더2666
강북구,미아동,운송 ,pet143하3092
강북구,수유동,운송 ,pet370머3158
강북구,미아동,운송 ,pet23버5937
강북구,미아동,운송 ,pet336두6266
강북구,미아동,운송 ,pet166조9267
강북구,미아동,운송 ,pet119무3002
강북구,수유동,운송 ,pet127오6411
강북구,미아동,운송 ,pet249주7465
강북구,미아동,운송 ,마이 단독
강북구,수유동,운송 ,멍토리니
강북구,수유동,운송 ,pet60도5527
강북구,번동,운송 ,pet151어6515
강북구,우이동,운송 ,pet08노0811
강북구,미아동,운송 ,pet26오6536
강북구,번동,운송 ,pet123우4769
강북구,미아동,운송 ,pet123우4709
강북구,번동,운송 ,pet07러7831
강북구,수유동,운송 ,pet47주4979
강북구,미아동,운송 ,pet04나3710
강북구,미아동,운송 ,삼미리 펫 모범택시
강북구,미아동,운송 ,은종민 펫택시
강북구,미아동,운송 ,타요펫 모빌리티
강북구,미아동,운송 ,댕댕카
강북구,수유동,운송 ,펫미업
강북구,번동,운송 ,스트로젤리컴퍼니
강북구,수유동,운송 ,반려동물 이동서비스
강북구,미아동,운송 ,펫을 부탁해
도봉구,창동,운송 ,주식회사 유엑스플러스포레스트
도봉구,방학동,운송 ,pet68조2910
도봉구,쌍문동,운송 ,스탠퍼독
도봉구,도봉동,운송 ,pet15부6487
도봉구,창동,운송 ,pet27저0798
도봉구,방학동,운송 ,pet 150더4161
도봉구,도봉동,운송 ,블리빵빵
도봉구,창동,운송 ,TAXI BENEPET(택시벤이펫)
도봉구,창동,운송 ,펫아찌펫아씨
도봉구,창동,운송 ,MOMO
노원구,상계동,운송 ,늘봄반려견유치원
노원구,중계동,운송 ,pet173구2281
노원구,중계동,운송 ,pet40고0124
노원구,상계동,운송 ,pet58가
노원구,상계동,운송 ,pet49라7801
노원구,중계동,운송 ,pet02나9685
노원구,상계동,운송 ,pet18로7413
노원구,공릉동,운송 ,pet204수9057
노원구,공릉동,운송 ,pet01다5786
노원구,공릉동,운송 ,pet100도9537
노원구,상계동,운송 ,pet66로0190
노원구,월계동,운송 ,pet40무0449
노원구,중계동,운송 ,pet21두0371
노원구,월계동,운송 ,pet25무0225
노원구,상계동,운송 ,pet53러1658
노원구,중계동,운송 ,pet288거5655
노원구,상계동,운송 ,45구0613
노원구,중계동,운송 ,pet121더8994
노원구,중계동,운송 ,pet322우8590
노원구,상계동,운송 ,pet357모3834
노원구,상계동,운송 ,pet19도0831
노원구,상계동,운송 ,부릉펫
노원구,하계동,운송 ,pet313거3148
노원구,상계동,운송 ,멍타냥
노원구,월계동,운송 ,펫택시펫카
노원구,공릉동,운송 ,임선아 펫택시
노원구,공릉동,운송 ,임제혁 펫택시
은평구,신사동,운송 ,pet252거8039
은평구,신사동,운송 ,pet32두1298
은평구,응암동,운송 ,pet03거0231
은평구,진관동,운송 ,pet181우4689
은평구,구산동,운송 ,pet02다4988
은평구,녹번동,운송 ,pet986우7611
은평구,역촌동,운송 ,pet341수9896
은평구,대조동,운송 ,pet157로6927
은평구,신사동,운송 ,pet105나9470
은평구,갈현동,운송 ,pet330서9891
은평구,진관동,운송 ,멍스테이
은평구,응암동,운송 ,pet366나9393
은평구,구산동,운송 ,pet51모7179
은평구,응암동,운송 ,pet17부6934
은평구,역촌동,운송 ,pet46러3079
은평구,응암동,운송 ,pet328수3128
은평구,응암동,운송 ,pet11나0989
은평구,증산동,운송 ,pet397조1853
은평구,갈현동,운송 ,pet42저0164
은평구,갈현동,운송 ,pet265어3821
은평구,진관동,운송 ,pet10루9446
은평구,불광동,운송 ,pet65소7502
은평구,응암동,운송 ,pet08라1096
은평구,응암동,운송 ,맨즈펫
은평구,갈현동,운송 ,반려하다
은평구,증산동,운송 ,스마트독까페
서대문구,홍은동,운송 ,pet35루3451
서대문구,남가좌동,운송 ,pet11마8883
서대문구,영천동,운송 ,pet 51오2554
서대문구,창천동,운송 ,pet08수4342
서대문구,북가좌동,운송 ,멍이요펫택시
서대문구,연희동,운송 ,pet372누7472
서대문구,남가좌동,운송 ,pet48가2049
서대문구,영천동,운송 ,pet309라5311
서대문구,홍제동,운송 ,pet07라1320
서대문구,홍제동,운송 ,pet50서4369
서대문구,창천동,운송 ,pet57마5444
서대문구,북가좌동,운송 ,pet02더1793
서대문구,홍은동,운송 ,정태선 펫택시
서대문구,연희동,운송 ,펫배달
마포구,성산동,운송 ,pet 54수 0251
마포구,아현동,운송 ,강아지유치원왕왕
마포구,노고산동,운송 ,pet 10라 3194
마포구,망원동,운송 ,pet01누8126
마포구,망원동,운송 ,pet06머7362
마포구,당인동,운송 ,pet21누1162
마포구,성산동,운송 ,pet40서7954
마포구,창전동,운송 ,pet09두9356
마포구,상암동,운송 ,pet59구2189
마포구,염리동,운송 ,pet148라8695
마포구,대흥동,운송 ,펫드라이브
마포구,당인동,운송 ,pet337루6636
마포구,중동,운송 ,pet01오5003
마포구,신수동,운송 ,pet 316소 8965
마포구,염리동,운송 ,pet 299두 2951
마포구,성산동,운송 ,멍이요
마포구,동교동,운송 ,멍고
양천구,신월동,운송 ,pet243수5653
양천구,신월동,운송 ,pet49고1675
양천구,신정동,운송 ,에펠개발
양천구,신월동,운송 ,pet333도9464
양천구,신월동,운송 ,pet842러4215
양천구,신정동,운송 ,pet116더5007
양천구,신정동,운송 ,하이뭉치 유치원
양천구,신월동,운송 ,pet34구6209
양천구,신정동,운송 ,pet101러1157
양천구,목동,운송 ,pet353가7315
양천구,목동,운송 ,pet53다0150
양천구,신정동,운송 ,pet31우4645
양천구,신월동,운송 ,댕댕이타요(22고 0713)
강서구,화곡동,운송 ,pet57우6554
강서구,화곡동,운송 ,pet32주6608
강서구,등촌동,운송 ,pet25가2251
강서구,가양동,운송 ,pet100구6450
강서구,공항동,운송 ,월드펫투어
강서구,화곡동,운송 ,pet09소1389
강서구,방화동,운송 ,pet100도1541
강서구,가양동,운송 ,pet338주9841
강서구,화곡동,운송 ,pet238버9307
강서구,방화동,운송 ,pet43수5070
강서구,화곡동,운송 ,pet184구1552
강서구,공항동,운송 ,pet119두7910
강서구,화곡동,운송 ,pet01우1365
강서구,등촌동,운송 ,pet 146너 4636
강서구,화곡동,운송 ,에덴 펫 택시
강서구,화곡동,운송 ,우동펫(우리동네 펫 서비스)
강서구,마곡동,운송 ,pet129구1543
강서구,염창동,운송 ,pet04무8342
강서구,화곡동,운송 ,pet41서1972
강서구,화곡동,운송 ,고독한 유피디
강서구,공항동,운송 ,pet17노1400
강서구,화곡동,운송 ,pet352누3360
강서구,화곡동,운송 ,pet07고8888
강서구,화곡동,운송 ,pet52다2098
강서구,방화동,운송 ,pet14보0286
강서구,화곡동,운송 ,PET65라1346
강서구,화곡동,운송 ,pet63주1599
강서구,화곡동,운송 ,루츄 펫택시
강서구,화곡동,운송 ,pet103러7653
강서구,외발산동,운송 ,pet47다6097
강서구,화곡동,운송 ,pet31마5726
강서구,화곡동,운송 ,pet17노5221
강서구,화곡동,운송 ,pet362더3913
강서구,화곡동,운송 ,마이댕댕스쿨
강서구,공항동,운송 ,pet50우6890
강서구,마곡동,운송 ,멍마르뜨
강서구,화곡동,운송 ,우리콜닷컴
강서구,방화동,운송 ,지디파크
강서구,가양동,운송 ,요미 펫택시
강서구,화곡동,운송 ,묘한호텔
강서구,화곡동,운송 ,알까네 펫드라이브
강서구,등촌동,운송 ,꿈꾸는 고양이
강서구,가양동,운송 ,개아범콜
강서구,등촌동,운송 ,엉클펫
강서구,화곡동,운송 ,말순이네
구로구,온수동,운송 ,pet45저 9139
구로구,가리봉동,운송 ,pet 06로4325
구로구,구로동,운송 ,pet 80모7756
구로구,신도림동,운송 ,pet 01가6330
구로구,항동,운송 ,pet 109다4996
구로구,구로동,운송 ,pet 188나3061
구로구,구로동,운송 ,그랫(1528)
구로구,구로동,운송 ,그랫(1537)
구로구,구로동,운송 ,그랫(1520)
구로구,구로동,운송 ,pet 08어9943
구로구,항동,운송 ,pet 276저6025
구로구,구로동,운송 ,카우보이펫택시
구로구,개봉동,운송 ,제이에스콜밴
금천구,독산동,운송 ,pet181노5347
금천구,시흥동,운송 ,pet256우4360
금천구,시흥동,운송 ,pet333노5114
금천구,독산동,운송 ,pet01거1841
금천구,독산동,운송 ,pet29저0938
금천구,시흥동,운송 ,pet182너3767
금천구,시흥동,운송 ,pet370로4248(박종대)
금천구,시흥동,운송 ,pet261두7861
금천구,독산동,운송 ,체크인독
금천구,시흥동,운송 ,pet184누2620
금천구,시흥동,운송 ,순덕이네
영등포구,당산동6가,운송 ,멍집사
영등포구,대림동,운송 ,pet62러5674
영등포구,대림동,운송 ,pet365소5756
영등포구,대림동,운송 ,pet105다8956
영등포구,대림동,운송 ,pet35서8252
영등포구,문래동3가,운송 ,옐레드 문래역점
영등포구,신길동,운송 ,PET 176수2542
영등포구,대림동,운송 ,으르렁대
영등포구,양평동6가,운송 ,pet338보9273
영등포구,도림동,운송 ,pet51무0159
영등포구,양평동4가,운송 ,pet02구5395
영등포구,대림동,운송 ,pet297구9416
동작구,상도동,운송 ,pet59어0573
동작구,상도동,운송 ,pet208모7232
동작구,사당동,운송 ,pet54저2898
동작구,상도동,운송 ,pet61고4613
동작구,상도동,운송 ,Pet304너9255
동작구,사당동,운송 ,Pet172너8697
동작구,신대방동,운송 ,Pet 77라 7837
동작구,노량진동,운송 ,pet 312구7034
동작구,상도동,운송 ,내강아지
동작구,노량진동,운송 ,멍멍이와 야옹이 나들이
동작구,상도동,운송 ,두젠틀
동작구,대방동,운송 ,도윤 펫택시
동작구,사당동,운송 ,에이치엔그룹
동작구,신대방동,운송 ,임동현 펫택시
관악구,신림동,운송 ,pet 268버6194
관악구,신림동,운송 ,pet 224서 3334
관악구,신림동,운송 ,pet 59더8609
관악구,신림동,운송 ,pet 06수6516
관악구,봉천동,운송 ,pet 10더7510
관악구,봉천동,운송 ,pet 246보1347
관악구,봉천동,운송 ,pet 14버4146
관악구,봉천동,운송 ,pet 55머5509
관악구,봉천동,운송 ,pet 286무3790
관악구,신림동,운송 ,pet 162로3587
관악구,신림동,운송 ,pet 371다2458
관악구,신림동,운송 ,pet 175보7804
관악구,봉천동,운송 ,pet 209구8033
관악구,신림동,운송 ,동물운송업
관악구,신림동,운송 ,pet 122무6109
관악구,봉천동,운송 ,pet 333보9189
관악구,봉천동,운송 ,pet 170서1154
관악구,봉천동,운송 ,pet03소5367
관악구,봉천동,운송 ,pet 24구7918
관악구,신림동,운송 ,pet226다8960
관악구,봉천동,운송 ,pet 19고0773
관악구,신림동,운송 ,pet 11어9454
관악구,봉천동,운송 ,개좋은날
관악구,신림동,운송 ,돌봐줄개
관악구,신림동,운송 ,천리펫시(1002PT)
관악구,신림동,운송 ,투퍼피
서초구,서초동,운송 ,pet01서4489
서초구,반포동,운송 ,pet21너6743
서초구,우면동,운송 ,pet108모3052
서초구,방배동,운송 ,펫스워드
서초구,반포동,운송 ,PET53마 1734
서초구,서초동,운송 ,PET275두 7043
서초구,반포동,운송 ,PET 67라 0112
서초구,서초동,운송 ,PET292주 1770
서초구,반포동,운송 ,PET 36머2480
서초구,방배동,운송 ,멍타냥 강남
서초구,반포동,운송 ,주식회사 위드랜드
서초구,잠원동,운송 ,해피업
서초구,서초동,운송 ,주식회사 하울팟
강남구,논현동,운송 ,고고댕댕
서초구,반포동,운송 ,Im
서초구,반포동,운송 ,브이케어
강남구,자곡동,운송 ,pet07도2888
강남구,논현동,운송 ,pet11머6000
강남구,도곡동,운송 ,pet01수6821
강남구,역삼동,운송 ,페티나 트립
강남구,역삼동,운송 ,pet02어0726
강남구,율현동,운송 ,pet33우0916
강남구,일원동,운송 ,pet18무5346
강남구,역삼동,운송 ,pet07구7110
강남구,논현동,운송 ,멍타냥택시
강남구,도곡동,운송 ,조익제 펫택시
강남구,논현동,운송 ,아롱다롱 펫택시
강남구,논현동,운송 ,코코스퀘어
강남구,역삼동,운송 ,펫이동서비스
강남구,청담동,운송 ,아지원
강남구,수서동,운송 ,간다하개
강남구,청담동,운송 ,이안동물의학센터
강남구,논현동,운송 ,주식회사 펫플라이
강남구,논현동,운송 ,봉브라더스
강남구,대치동,운송 ,캣틀리에
송파구,가락동,운송 ,pet03버1529
송파구,거여동,운송 ,pet02더6851
송파구,가락동,운송 ,pet359더5662
송파구,방이동,운송 ,pet 181조 5290
송파구,풍납동,운송 ,카카오T펫(17로1018)
송파구,오금동,운송 ,독시티(319노2675)
송파구,오금동,운송 ,독시티(319노2663)
송파구,가락동,운송 ,pet 14라9261
송파구,풍납동,운송 ,팻글T
송파구,석촌동,운송 ,pet374어7171
송파구,풍납동,운송 ,pet333소7256
송파구,신천동,운송 ,이성철펫택시
송파구,신천동,운송 ,pet184머1607
송파구,거여동,운송 ,서온
송파구,잠실동,운송 ,pet 103마9067
송파구,방이동,운송 ,pet 07다6582
송파구,문정동,운송 ,멍돌하우스
송파구,거여동,운송 ,pet253거4861
송파구,문정동,운송 ,pet303조1822
송파구,삼전동,운송 ,pet 351마4905
송파구,송파동,운송 ,펫택시
송파구,가락동,운송 ,이준 펫택시
송파구,송파동,운송 ,반려동물 이동서비스
송파구,송파동,운송 ,펫토
송파구,오금동,운송 ,오세욱 펫택시
송파구,송파동,운송 ,김영중 펫택시
송파구,석촌동,운송 ,우다닥고양이호텔
송파구,잠실동,운송 ,빨리펫
송파구,문정동,운송 ,펫도그 애견스쿨
강동구,길동,운송 ,pet131나1455
강동구,명일동,운송 ,pet04모2461
강동구,성내동,운송 ,폰토스 인터네셔널
강동구,강일동,운송 ,pet66도 8410
강동구,성내동,운송 ,pet116주7521
강동구,천호동,운송 ,pet11구1236
강동구,암사동,운송 ,pet52모3966
강동구,강일동,운송 ,pet107너 1812
강동구,암사동,운송 ,pet08구8925
강동구,길동,운송 ,pet25무0799
강동구,암사동,운송 ,pet37머1608
강동구,천호동,운송 ,pet 260가 2432
강동구,암사동,운송 ,pet 393머8063
강동구,명일동,운송 ,pet46도0572
강동구,천호동,운송 ,pet372우2027
강동구,암사동,운송 ,pet13나1534
강동구,명일동,운송 ,pet291수4825
강동구,명일동,운송 ,pet29소7824
강동구,천호동,운송 ,pet32머2523
강동구,명일동,운송 ,pet234마2426
강동구,천호동,운송 ,pet293저2744
강동구,천호동,운송 ,pet12서2769
강동구,천호동,운송 ,pet51주3627
강동구,강일동,운송 ,pet259주9886
강동구,성내동,운송 ,196도1428
강동구,천호동,운송 ,하남펫택시
강동구,천호동,운송 ,펫캡
강동구,암사동,운송 ,비케이 인터내셔날
